Workbook

Sheet Methodology
A1: Risk methodology - Apex Manufacturing (fictional)
A2: Risk score = Likelihood x Impact (5 x 5). This is the assessment's documented methodology, not a universal standard.
A3: Current risk = with existing controls. Residual risk = after the recommended controls are implemented.
A4: Thresholds: 1-4 Low | 5-9 Medium | 10-16 High | 17-25 Critical
A5: Top-10 ranking: score desc, then impact desc, then number of attack scenarios the threat appears in, then ID.
A7: LIKELIHOOD
A8: 1 Rare: Requires nation-state capability and insider access; no known precedent in the sector.
A9: 2 Unlikely: Requires significant skill plus an existing foothold; strong compensating controls in place.
A10: 3 Possible: Feasible for a motivated attacker with OT knowledge once inside; controls are partial.
A11: 4 Likely: Technique is used routinely against similar manufacturers; weak controls; low skill required.
A12: 5 Almost Certain: Trivial to exploit, directly exposed, or already observed at Apex.
A14: IMPACT (highest applicable dimension: safety, production, financial, quality, data)
... A19: 5 Severe: > 3 days outage; > £1M; potential injury, product recall or loss of OEM contract.

Sheet Risk Register
A1: Threat ID | B1: Risk | C1: STRIDE | D1: Assets | E1: L | F1: I | G1: Score | H1: Rating | I1: Controls | J1: Res. L | K1: Res. I | L1: Res. score | M1: Res. rating | N1: Reduction
A2: T-01 | B2: Stolen vendor credentials used on VPN | C2: Spoofing | D2: Remote-access gateway (SSL VPN), Vendor remote support (RoboServ) | E2: 4 | F2: 5 | G2: =E2*F2 | H2: =IF(G2>=17,"Critical",IF(G2>=10,"High",IF(G2>=5,"Medium","Low"))) | I2: SC-01, SC-04, SC-16 | J2: 2 | K2: 5 | L2: =J2*K2 | M2: =IF(L2>=17,"Critical",IF(L2>=10,"High",IF(L2>=5,"Medium","Low"))) | N2: =G2-L2
A3: T-02 | B3: Unauthorized PLC logic modification | C3: Tampering | D3: Engineering workstation (EWS), PLC-01 Conveyor, PLC-02 Robotic welding cell, PLC-03 Packaging | E3: 3 | F3: 5 | G3: =E3*F3 | H3: =IF(G3>=17,"Critical",IF(G3>=10,"High",IF(G3>=5,"Medium","Low"))) | I3: SC-07, SC-03, SC-10 | J3: 1 | K3: 5 | L3: =J3*K3 | M3: =IF(L3>=17,"Critical",IF(L3>=10,"High",IF(L3>=5,"Medium","Low"))) | N3: =G3-L3
A4: T-03 | B4: Operator actions cannot be attributed | C4: Repudiation | D4: SCADA server / HMI (2 operator stations) | E4: 4 | F4: 3 | G4: =E4*F4 | H4: =IF(G4>=17,"Critical",IF(G4>=10,"High",IF(G4>=5,"Medium","Low"))) | I4: SC-15, SC-09 | J4: 2 | K4: 3 | L4: =J4*K4 | M4: =IF(L4>=17,"Critical",IF(L4>=10,"High",IF(L4>=5,"Medium","Low"))) | N4: =G4-L4
A5: T-04 | B5: Unauthorized access to production data | C5: Information Disclosure | D5: Historian replica | E5: 3 | F5: 3 | G5: =E5*F5 | H5: =IF(G5>=17,"Critical",IF(G5>=10,"High",IF(G5>=5,"Medium","Low"))) | I5: SC-15, SC-09 | J5: 2 | K5: 3 | L5: =J5*K5 | M5: =IF(L5>=17,"Critical",IF(L5>=10,"High",IF(L5>=5,"Medium","Low"))) | N5: =G5-L5
A6: T-05 | B6: Network flooding disrupts PLC communications | C6: Denial of Service | D6: PLC-01 Conveyor, PLC-02 Robotic welding cell, PLC-03 Packaging, OT network switches | E6: 3 | F6: 4 | G6: =E6*F6 | H6: =IF(G6>=17,"Critical",IF(G6>=10,"High",IF(G6>=5,"Medium","Low"))) | I6: SC-03, SC-17, SC-10 | J6: 2 | K6: 4 | L6: =J6*K6 | M6: =IF(L6>=17,"Critical",IF(L6>=10,"High",IF(L6>=5,"Medium","Low"))) | N6: =G6-L6
A7: T-06 | B7: Malware gains admin rights on engineering workstation | C7: Elevation of Privilege | D7: Engineering workstation (EWS) | E7: 3 | F7: 5 | G7: =E7*F7 | H7: =IF(G7>=17,"Critical",IF(G7>=10,"High",IF(G7>=5,"Medium","Low"))) | I7: SC-06, SC-04, SC-13 | J7: 2 | K7: 5 | L7: =J7*K7 | M7: =IF(L7>=17,"Critical",IF(L7>=10,"High",IF(L7>=5,"Medium","Low"))) | N7: =G7-L7
A8: T-07 | B8: Jump server used as pivot into OT | C8: Elevation of Privilege | D8: Jump server | E8: 3 | F8: 5 | G8: =E8*F8 | H8: =IF(G8>=17,"Critical",IF(G8>=10,"High",IF(G8>=5,"Medium","Low"))) | I8: SC-05, SC-02, SC-04 | J8: 1 | K8: 5 | L8: =J8*K8 | M8: =IF(L8>=17,"Critical",IF(L8>=10,"High",IF(L8>=5,"Medium","Low"))) | N8: =G8-L8
A9: T-08 | B9: Corporate AD compromise grants OT access | C9: Spoofing | D9: Active Directory (apex.local), SCADA server / HMI (2 operator stations), Engineering workstation (EWS), Process historian | E9: 4 | F9: 5 | G9: =E9*F9 | H9: =IF(G9>=17,"Critical",IF(G9>=10,"High",IF(G9>=5,"Medium","Low"))) | I9: SC-02, SC-04 | J9: 1 | K9: 5 | L9: =J9*K9 | M9: =IF(L9>=17,"Critical",IF(L9>=10,"High",IF(L9>=5,"Medium","Low"))) | N9: =G9-L9
A10: T-09 | B10: Phishing email establishes enterprise foothold | C10: Spoofing | D10: Employee workstations (~320), Email service (cloud-hosted) | E10: 5 | F10: 3 | G10: =E10*F10 | H10: =IF(G10>=17,"Critical",IF(G10>=10,"High",IF(G10>=5,"Medium","Low"))) | I10: SC-12 | J10: 3 | K10: 3 | L10: =J10*K10 | M10: =IF(L10>=17,"Critical",IF(L10>=10,"High",IF(L10>=5,"Medium","Low"))) | N10: =G10-L10
A11: T-10 | B11: Permissive IT/OT firewall rules bypass IDMZ | C11: Elevation of Privilege | D11: IT/OT firewall (three-legged) | E11: 4 | F11: 5 | G11: =E11*F11 | H11: =IF(G11>=17,"Critical",IF(G11>=10,"High",IF(G11>=5,"Medium","Low"))) | I11: SC-02 | J11: 1 | K11: 5 | L11: =J11*K11 | M11: =IF(L11>=17,"Critical",IF(L11>=10,"High",IF(L11>=5,"Medium","Low"))) | N11: =G11-L11
A12: T-11 | B12: IIoT gateway LTE link bypasses IDMZ | C12: Elevation of Privilege | D12: IIoT gateway + LTE router | E12: 3 | F12: 5 | G12: =E12*F12 | H12: =IF(G12>=17,"Critical",IF(G12>=10,"High",IF(G12>=5,"Medium","Low"))) | I12: SC-11, SC-13 | J12: 1 | K12: 5 | L12: =J12*K12 | M12: =IF(L12>=17,"Critical",IF(L12>=10,"High",IF(L12>=5,"Medium","Low"))) | N12: =G12-L12
A13: T-12 | B13: Production data exposed via cloud platform | C13: Information Disclosure | D13: Cloud analytics platform (SaaS) | E13: 3 | F13: 3 | G13: =E13*F13 | H13: =IF(G13>=17,"Critical",IF(G13>=10,"High",IF(G13>=5,"Medium","Low"))) | I13: SC-16, SC-04, SC-11 | J13: 2 | K13: 3 | L13: =J13*K13 | M13: =IF(L13>=17,"Critical",IF(L13>=10,"High",IF(L13>=5,"Medium","Low"))) | N13: =G13-L13
... A31: T-30 | B31: Rogue device connected in control cabinet | C31: Tampering | D31: OT network switches, PLC-01 Conveyor, PLC-02 Robotic welding cell, PLC-03 Packaging | E31: 2 | F31: 4 | G31: =E31*F31 | H31: =IF(G31>=17,"Critical",IF(G31>=10,"High",IF(G31>=5,"Medium","Low"))) | I31: SC-03, SC-10 | J31: 2 | K31: 4 | L31: =J31*K31 | M31: =IF(L31>=17,"Critical",IF(L31>=10,"High",IF(L31>=5,"Medium","Low"))) | N31: =G31-L31

Sheet Heat Map
A1: CURRENT RISK - number of threats (rows = likelihood, columns = impact)
B2: I1 | C2: I2 | D2: I3 | E2: I4 | F2: I5
A3: L5 | B3: =COUNTIFS('Risk Register'!E2:E31,5,'Risk Register'!F2:F31,1) | C3: =COUNTIFS('Risk Register'!E2:E31,5,'Risk Register'!F2:F31,2) | D3: =COUNTIFS('Risk Register'!E2:E31,5,'Risk Register'!F2:F31,3) | E3: =COUNTIFS('Risk Register'!E2:E31,5,'Risk Register'!F2:F31,4) | F3: =COUNTIFS('Risk Register'!E2:E31,5,'Risk Register'!F2:F31,5)
A4: L4 | B4: =COUNTIFS('Risk Register'!E2:E31,4,'Risk Register'!F2:F31,1) | C4: =COUNTIFS('Risk Register'!E2:E31,4,'Risk Register'!F2:F31,2) | D4: =COUNTIFS('Risk Register'!E2:E31,4,'Risk Register'!F2:F31,3) | E4: =COUNTIFS('Risk Register'!E2:E31,4,'Risk Register'!F2:F31,4) | F4: =COUNTIFS('Risk Register'!E2:E31,4,'Risk Register'!F2:F31,5)
A5: L3 | B5: =COUNTIFS('Risk Register'!E2:E31,3,'Risk Register'!F2:F31,1) | C5: =COUNTIFS('Risk Register'!E2:E31,3,'Risk Register'!F2:F31,2) | D5: =COUNTIFS('Risk Register'!E2:E31,3,'Risk Register'!F2:F31,3) | E5: =COUNTIFS('Risk Register'!E2:E31,3,'Risk Register'!F2:F31,4) | F5: =COUNTIFS('Risk Register'!E2:E31,3,'Risk Register'!F2:F31,5)
A6: L2 | B6: =COUNTIFS('Risk Register'!E2:E31,2,'Risk Register'!F2:F31,1) | C6: =COUNTIFS('Risk Register'!E2:E31,2,'Risk Register'!F2:F31,2) | D6: =COUNTIFS('Risk Register'!E2:E31,2,'Risk Register'!F2:F31,3) | E6: =COUNTIFS('Risk Register'!E2:E31,2,'Risk Register'!F2:F31,4) | F6: =COUNTIFS('Risk Register'!E2:E31,2,'Risk Register'!F2:F31,5)
A7: L1 | B7: =COUNTIFS('Risk Register'!E2:E31,1,'Risk Register'!F2:F31,1) | C7: =COUNTIFS('Risk Register'!E2:E31,1,'Risk Register'!F2:F31,2) | D7: =COUNTIFS('Risk Register'!E2:E31,1,'Risk Register'!F2:F31,3) | E7: =COUNTIFS('Risk Register'!E2:E31,1,'Risk Register'!F2:F31,4) | F7: =COUNTIFS('Risk Register'!E2:E31,1,'Risk Register'!F2:F31,5)
A10: RESIDUAL RISK - number of threats (rows = likelihood, columns = impact)
B11: I1 | C11: I2 | D11: I3 | E11: I4 | F11: I5
A12: L5 | B12: =COUNTIFS('Risk Register'!J2:J31,5,'Risk Register'!K2:K31,1) | C12: =COUNTIFS('Risk Register'!J2:J31,5,'Risk Register'!K2:K31,2) | D12: =COUNTIFS('Risk Register'!J2:J31,5,'Risk Register'!K2:K31,3) | E12: =COUNTIFS('Risk Register'!J2:J31,5,'Risk Register'!K2:K31,4) | F12: =COUNTIFS('Risk Register'!J2:J31,5,'Risk Register'!K2:K31,5)
A13: L4 | B13: =COUNTIFS('Risk Register'!J2:J31,4,'Risk Register'!K2:K31,1) | C13: =COUNTIFS('Risk Register'!J2:J31,4,'Risk Register'!K2:K31,2) | D13: =COUNTIFS('Risk Register'!J2:J31,4,'Risk Register'!K2:K31,3) | E13: =COUNTIFS('Risk Register'!J2:J31,4,'Risk Register'!K2:K31,4) | F13: =COUNTIFS('Risk Register'!J2:J31,4,'Risk Register'!K2:K31,5)
A14: L3 | B14: =COUNTIFS('Risk Register'!J2:J31,3,'Risk Register'!K2:K31,1) | C14: =COUNTIFS('Risk Register'!J2:J31,3,'Risk Register'!K2:K31,2) | D14: =COUNTIFS('Risk Register'!J2:J31,3,'Risk Register'!K2:K31,3) | E14: =COUNTIFS('Risk Register'!J2:J31,3,'Risk Register'!K2:K31,4) | F14: =COUNTIFS('Risk Register'!J2:J31,3,'Risk Register'!K2:K31,5)
A15: L2 | B15: =COUNTIFS('Risk Register'!J2:J31,2,'Risk Register'!K2:K31,1) | C15: =COUNTIFS('Risk Register'!J2:J31,2,'Risk Register'!K2:K31,2) | D15: =COUNTIFS('Risk Register'!J2:J31,2,'Risk Register'!K2:K31,3) | E15: =COUNTIFS('Risk Register'!J2:J31,2,'Risk Register'!K2:K31,4) | F15: =COUNTIFS('Risk Register'!J2:J31,2,'Risk Register'!K2:K31,5)
A16: L1 | B16: =COUNTIFS('Risk Register'!J2:J31,1,'Risk Register'!K2:K31,1) | C16: =COUNTIFS('Risk Register'!J2:J31,1,'Risk Register'!K2:K31,2) | D16: =COUNTIFS('Risk Register'!J2:J31,1,'Risk Register'!K2:K31,3) | E16: =COUNTIFS('Risk Register'!J2:J31,1,'Risk Register'!K2:K31,4) | F16: =COUNTIFS('Risk Register'!J2:J31,1,'Risk Register'!K2:K31,5)

Sheet Top 10
A1: Rank | B1: Threat ID | C1: Risk | D1: Score | E1: Rating | F1: Scenarios | G1: Residual | H1: Key controls
A2: 1 | B2: T-08 | C2: Corporate AD compromise grants OT access | D2: 20 | E2: Critical | F2: AS-02, AS-05 | G2: 5 Medium | H2: SC-02, SC-04
A3: 2 | B3: T-10 | C3: Permissive IT/OT firewall rules bypass IDMZ | D3: 20 | E3: Critical | F3: AS-02, AS-05 | G3: 5 Medium | H3: SC-02
A4: 3 | B4: T-01 | C4: Stolen vendor credentials used on VPN | D4: 20 | E4: Critical | F4: AS-01 | G4: 10 High | H4: SC-01, SC-04, SC-16
A5: 4 | B5: T-17 | C5: Ransomware encrypts SCADA/HMI | D5: 20 | E5: Critical | F5: AS-05 | G5: 8 Medium | H5: SC-02, SC-06, SC-08, SC-14
A6: 5 | B6: T-24 | C6: Unapproved TeamViewer on engineering workstation | D6: 20 | E6: Critical | F6: AS-01 | G6: 5 Medium | H6: SC-01, SC-06, SC-02
A7: 6 | B7: T-02 | C7: Unauthorized PLC logic modification | D7: 15 | E7: High | F7: AS-01, AS-03 | G7: 5 Medium | H7: SC-07, SC-03, SC-10
A8: 7 | B8: T-06 | C8: Malware gains admin rights on engineering workstation | D8: 15 | E8: High | F8: AS-01, AS-03 | G8: 10 High | H8: SC-06, SC-04, SC-13
A9: 8 | B9: T-15 | C9: Unauthenticated Modbus write commands | D9: 15 | E9: High | F9: AS-02, AS-04 | G9: 5 Medium | H9: SC-03, SC-10
A10: 9 | B10: T-27 | C10: No usable backup of PLC programs and HMI projects | D10: 15 | E10: High | F10: AS-03, AS-05 | G10: 3 Low | H10: SC-08
A11: 10 | B11: T-07 | C11: Jump server used as pivot into OT | D11: 15 | E11: High | F11: AS-02 | G11: 5 Medium | H11: SC-05, SC-02, SC-04

Sheet Controls Mapping
A1: Control | B1: Name | C1: Description | D1: IEC 62443 | E1: NIST SP 800-53 (800-82r3 overlay) | F1: NIST CSF 2.0 | G1: Threats mitigated
A2: SC-01 | B2: Secure vendor remote access | C2: Named per-engineer vendor accounts, MFA on the VPN, accounts disabled by default and enabled per approved ticket, source-IP restriction, removal of unapproved remote tools (TeamViewer). | D2: SR 1.1 RE2, SR 1.13, SR 2.6 | E2: AC-17, IA-2(1), IA-2(2), PS-7 | F2: PR.AA-03, GV.SC | G2: T-01, T-24, T-26
A3: SC-02 | B3: IT/OT segmentation via the IDMZ | C3: Deny-by-default IT/OT firewall; no direct Enterprise->OT traffic; OT hosts moved to a separate OT identity domain; OT-initiated historian push only. | D3: SR 5.1, SR 5.2 | E3: SC-7, AC-4 | F3: PR.IR-01 | G3: T-07, T-08, T-10, T-17, T-18, T-24, T-29
A4: SC-03 | B4: Control-zone conduit and switch hardening | C4: Firewall between Site Operations and Control zone with protocol allowlist (SCADA/OPC -> PLC Modbus; EWS -> PLC engineering protocol only), switch port security, unused ports disabled, cabinets locked. | D4: SR 5.1, SR 5.2, SR 7.7 | E4: SC-7, CM-7, PE-3 | F4: PR.IR-01, PR.AA-06 | G4: T-02, T-05, T-15, T-16, T-20, T-21, T-22, T-30
A5: SC-04 | B5: Privileged access management & least privilege | C5: Remove shared/excess admin accounts, no local admin for operators, credential vaulting and just-in-time elevation for OT and vendor admins, password rotation for service accounts. | D5: SR 1.3, SR 1.5, SR 2.1 | E5: AC-2, AC-6, IA-5 | F5: PR.AA-01, PR.AA-05 | G5: T-01, T-06, T-07, T-08, T-12, T-29
A6: SC-05 | B6: Hardened jump server | C6: Jump server off the corporate domain, MFA, session recording, clipboard/drive mapping disabled by default, can only reach approved OT targets. | D6: SR 1.13, SR 2.8, SR 5.2 | E6: AC-17, AU-14, SC-7 | F6: PR.AA-03, PR.PS-04 | G6: T-07, T-25
A7: SC-06 | B7: Engineering workstation & HMI hardening | C7: Application allowlisting, USB device control with a scanning kiosk, no Internet egress, OS patching in maintenance windows, unnecessary services removed. | D7: SR 3.2, SR 2.3, SR 7.7 | E7: CM-7(5), SI-3, MP-7 | F7: PR.PS-05, PR.PS-01 | G7: T-06, T-17, T-24, T-28
A8: SC-07 | B8: PLC change management & integrity | C8: PLC key switches in RUN, REMOTE/PROG only during approved change windows; version-controlled PLC projects; scheduled online-vs-golden program compare. | D8: SR 3.4, SR 2.8, SR 1.1 | E8: CM-3, CM-5, SI-7 | F8: PR.PS-01, DE.CM-09 | G8: T-02, T-21, T-22, T-23
A9: SC-08 | B9: OT backup & recovery | C9: Offline/immutable backups of PLC programs, HMI/SCADA projects, historian configuration and OT server images; quarterly restore tests. | D9: SR 7.3, SR 7.4 | E9: CP-9, CP-10 | F9: PR.DS-11, RC.RP | G9: T-17, T-18, T-27
A10: SC-09 | B10: Centralised security logging | C10: OT log collector in the IDMZ forwarding Windows, firewall, VPN, jump server and HMI audit logs to the SIEM; named HMI user logins. | D10: SR 2.8, SR 2.12, SR 6.1 | E10: AU-2, AU-6, AU-12 | F10: PR.PS-04, DE.AE | G10: T-03, T-04, T-19, T-23, T-25
A11: SC-10 | B11: OT network monitoring (passive IDS) | C11: Passive OT-aware monitoring on SPAN ports in Z3/Z4 with protocol decoding (Modbus, engineering protocol), alerting on program downloads, mode changes and new hosts. | D11: SR 6.2 | E11: SI-4 | F11: DE.CM-01 | G11: T-02, T-05, T-15, T-16, T-22, T-26, T-30
A12: SC-11 | B12: IIoT gateway security architecture | C12: Remove LTE bypass; route gateway via IDMZ broker; gateway read-only toward OT; certificate-based device identity; signed firmware; inbound management disabled; default credentials removed. | D12: SR 5.2, SR 1.2, SR 3.1, SR 3.4 | E12: SC-7, IA-3, SC-8, SI-7 | F12: PR.IR-01, PR.DS-02 | G12: T-11, T-12, T-13, T-14
... A18: SC-17 | B18: Network resilience for control traffic | C18: Broadcast/storm control and rate limiting on OT switches, QoS for control traffic, PLC communication watchdogs with fail-safe behaviour. | D18: SR 7.1, SR 7.2 | E18: SC-5 | F18: PR.IR-03 | G18: T-05

Sheet Roadmap
A1: ID | B1: Horizon | C1: Action | D1: Controls | E1: Threats addressed | F1: Owner | G1: Effort
A2: R-01 | B2: 0-30 days | C2: Enforce MFA on the VPN; replace the shared vendor account with named accounts that are disabled by default and enabled per approved ticket. | D2: SC-01 | E2: T-01, T-24, T-26 | F2: IT Security Manager | G2: Low
A3: R-02 | B3: 0-30 days | C3: Uninstall TeamViewer from the EWS; block known remote-access tools outbound at the IT/OT firewall. | D3: SC-01, SC-02 | E3: T-01, T-07, T-08, T-10, T-17, T-18, T-24, T-26, T-29 | F3: OT Engineering Lead | G3: Low
A4: R-03 | B4: 0-30 days | C4: Patch the remote-access gateway; restrict the VPN portal to RoboServ source IPs; subscribe to the appliance vendor's advisories. | D4: SC-13, SC-01 | E4: T-01, T-06, T-11, T-21, T-24, T-26 | F4: IT Infrastructure | G4: Low
A5: R-04 | B5: 0-30 days | C5: Review the IT/OT firewall rule base; remove the any-any rule and direct Enterprise->OT RDP/SMB rules. | D5: SC-02 | E5: T-07, T-08, T-10, T-17, T-18, T-24, T-29 | F5: IT Infrastructure | G5: Low
A6: R-05 | B6: 0-30 days | C6: Review privileged accounts: reduce Domain Admins, remove operator local-admin rights, rotate vendor, service and historian admin passwords. | D6: SC-04 | E6: T-01, T-06, T-07, T-08, T-12, T-29 | F6: IT Security Manager | G6: Low
A7: R-06 | B7: 0-30 days | C7: Take offline copies of all PLC programs, HMI projects and historian configuration; verify one restore on the test bench. | D7: SC-08 | E7: T-17, T-18, T-27 | F7: OT Engineering Lead | G7: Low
A8: R-07 | B8: 0-30 days | C8: Disable the IIoT gateway's inbound web management, change default credentials, and restrict the LTE router to the cloud endpoint only. | D8: SC-11 | E8: T-11, T-12, T-13, T-14 | F8: OT Engineering Lead | G8: Low
A9: R-08 | B9: 0-30 days | C9: Set PLC key switches to RUN; document the procedure for REMOTE/PROG only during approved change windows. | D9: SC-07 | E9: T-02, T-21, T-22, T-23 | F9: OT Engineering Lead | G9: Low
A10: R-09 | B10: 30-90 days | C10: Move OT Windows hosts to a separate OT identity domain (no trust to apex.local); force all IT->OT access through the IDMZ. | D10: SC-02, SC-04 | E10: T-01, T-06, T-07, T-08, T-10, T-12, T-17, T-18, T-24, T-29 | F10: IT Infrastructure | G10: High
A11: R-10 | B11: 30-90 days | C11: Install a conduit firewall between Site Operations and Control zones with a protocol allowlist; enable port security and storm control; lock cabinets. | D11: SC-03, SC-17 | E11: T-02, T-05, T-15, T-16, T-20, T-21, T-22, T-30 | F11: OT Engineering Lead | G11: Medium
A12: R-11 | B12: 30-90 days | C12: Rebuild the jump server off-domain with MFA, session recording and an approved-target list. | D12: SC-05 | E12: T-07, T-25 | F12: IT Security Manager | G12: Medium
... A23: R-22 | B23: 3-12 months | C23: Establish OT asset inventory and vulnerability management (incl. PLC firmware plan); schedule quarterly restore tests and an annual reassessment. | D23: SC-13, SC-08 | E23: T-06, T-11, T-17, T-18, T-21, T-26, T-27 | F23: OT Engineering Lead | G23: Medium
